iter	Accuracy	Logloss
0	0.7790990991	0.6523268716
1	0.7845045045	0.6174929825
2	0.7866666667	0.5935527015
3	0.787027027	0.5728089455
